100,Associate's degree
116,Associate of Arts - AA
104,Associate of Arts and Sciences - AAS
112,Associate of Science - AS
200,Bachelor's degree
259,Bachelor of Applied Science - BASc
258,Bachelor of Architecture - BArch
350,Bachelor of Arts - BA
450,Bachelor of Business Administration - BBA
215,Bachelor of Commerce - BCom
206,Bachelor of Education - BEd
269,Bachelor of Engineering - BE
223,Bachelor of Fine Arts - BFA
232,Bachelor of Laws - LLB
1037,"Bachelor of Medicine, Bachelor of Surgery - MBBS"
241,Bachelor of Pharmacy - BPharm
400,Bachelor of Science - BS
250,Bachelor of Technology - BTech
921,Doctor of Education - EdD
1100,Doctor of Law - JD
1000,Doctor of Medicine - MD
1018,Doctor of Pharmacy - PharmD
900,Doctor of Philosophy - PhD
750,Engineer's degree
150,Foundation degree
800,Licentiate degree
500,Master's degree
535,Master of Architecture - MArch
536,Master of Arts - MA
700,Master of Business Administration - MBA
594,Master of Computer Applications - MCA
548,Master of Divinity - MDiv
550,Master of Education - MEd
551,Master of Engineering - MEng
603,Master of Fine Arts - MFA
555,Master of Laws - LLM
557,Master of Library & Information Science - MLIS
563,Master of Philosophy - MPhil
570,Master of Public Administration - MPA
588,Master of Public Health - MPH
626,Master of Science - MS
589,Master of Social Work - MSW
584,Master of Technology - MTech
900,Research Doctorate
