101423,Accounting
101427,Accounting and Business/Management
101426,Accounting and Finance
100152,Advertising
100333,"Aerospace, Aeronautical and Astronautical Engineering"
100037,Agricultural Communication/Journalism
100001,"Agriculture, Agriculture Operations, and Related Sciences"
100707,Air Force JROTC/ROTC
101002,American Government and Politics (United States)
101512,American History (United States)
100568,American/U.S. Law/Legal Studies/Jurisprudence
100094,American/United States Studies/Civilization
100168,"Animation, Interactive Technology, Video Graphics and Special Effects"
100080,Architecture
100709,Army JROTC/ROTC
101141,"Art History, Criticism and Conservation"
101139,"Art/Art Studies, General"
101095,Aviation/Airway Management and Operations
101445,Banking and Financial Support Services
100570,"Banking, Corporate, Finance, and Securities Law"
100611,Biochemistry
100607,"Biology, General"
100608,"Biology/Biological Sciences, General"
100337,Biomedical/Medical Engineering
100674,Biotechnology
100812,Birthing and Parenting Knowledge and Skills
100144,Broadcast Journalism
101409,"Business Administration and Management, General"
101408,"Business Administration, Management and Operations"
101406,"Business, Management, Marketing, and Related Support Services"
101407,"Business/Commerce, General"
101437,Business/Corporate Communications
101438,Business/Managerial Economics
101432,Business/Office Automation/Technology/Data Entry
100569,Canadian Law/Legal Studies/Jurisprudence
100340,Chemical Engineering
100874,Chemistry
100603,Children and Youth Library Services
101135,Cinematography and Film/Video Production
100081,"City/Urban, Community and Regional Planning"
100342,Civil Engineering
100777,"Classical, Ancient Mediterranean and Near Eastern Studies and Archaeology"
101256,Clinical Laboratory Science/Medical Technology/Technologist
100924,Clinical Psychology
101280,Clinical/Medical Social Work
100139,Communication and Media Studies
101174,"Communication Sciences and Disorders, General"
100140,"Communication, General"
100173,Computer and Information Sciences and Support Services
100174,"Computer and Information Sciences, General"
100347,Computer Engineering
100178,Computer Programming
100180,"Computer Programming, Specific Applications"
100189,Computer Science
100349,Computer Software Engineering
100195,Computer Systems Networking and Telecommunications
100434,Computer Technology/Computer Systems Technology
100196,Computer/Information Technology Administration and Management
100218,"Cosmetology, Barber/Styling, and Nail Instructor"
100926,Counseling Psychology
100586,Creative Writing
100939,Criminal Justice and Corrections
100941,Criminal Justice/Law Enforcement Administration
100944,Criminal Justice/Police Science
100942,Criminal Justice/Safety Studies
100224,Culinary Arts/Chef Training
101112,Dance
100192,Data Modeling/Warehousing and Database Administration
100182,Data Processing
101193,Dental Hygiene/Hygienist
101178,Dentistry
101114,Design and Applied Arts
101115,"Design and Visual Communications, General"
100993,Development Economics and International Development
101240,Diagnostic Medical Sonography/Sonographer and Ultrasound Technician
101352,Dietetics/Dietitian
100148,Digital Communication and Media/Multimedia
100855,Divinity/Ministry
101125,"Drama and Dramatics/Theatre Arts, General"
100287,Early Childhood Education and Teaching
100992,Econometrics and Quantitative Economics
100990,Economics
100239,"Educational Leadership and Administration, General"
100250,Educational/Instructional Technology
100351,Electrical and Electronics Engineering
100390,"Electrical, Electronic and Communications Engineering Technology/Technician"
100350,"Electrical, Electronics and Communications Engineering"
100280,Elementary Education and Teaching
100572,"Energy, Environment, and Natural Resources Law"
100331,Engineering
100447,Engineering/Industrial Management
100583,"English Language and Literature, General"
100582,English Language and Literature/Letters
100593,English Literature (British and Commonwealth)
100358,Environmental/Environmental Health Engineering
100544,Facilities Planning and Management
101384,Family Practice Nurse/Nursing
101489,Fashion Merchandising
101119,Fashion/Apparel Design
101134,Film/Cinema/Video Studies
101133,Film/Video and Photographic Arts
101443,Finance and Financial Management Services
101444,"Finance, General"
101446,Financial Planning and Services
101140,"Fine/Studio Arts, General"
100226,Food Preparation/Professional Cooking/Kitchen Assistant
100046,Food Science
100540,"Foods, Nutrition, and Wellness Studies, General"
100494,French Language and Literature
100116,French Studies
101482,"General Sales, Merchandising and Related Marketing Operations"
100598,General Studies
100996,Geography
100885,"Geology/Earth Science, General"
100169,"Graphic and Printing Equipment Operator, General Production"
101121,Graphic Design
100792,Health and Physical Education/Fitness
101171,"Health and Wellness, General"
101315,Health Services Administration
101170,"Health Services/Allied Health/Health Sciences, General"
101198,Health Unit Coordinator/Ward Clerk
101199,Health Unit Manager/Ward Supervisor
100811,Health-Related Knowledge and Skills
101196,Health/Health Care Administration/Management
100243,Higher Education/Higher Education Administration
101511,History
100938,"Homeland Security, Law Enforcement, Firefighting and Related Protective Services"
101451,Hospitality Administration/Management
101453,Hotel/Motel Administration/Management
100547,"Human Development and Family Studies, General"
100541,Human Nutrition
101464,Human Resources Development
101459,Human Resources Management and Services
101460,"Human Resources Management/Personnel Administration, General"
100972,"Human Services, General"
100599,Humanities/Humanistic Studies
100889,Hydrology and Water Resources Science
100927,Industrial and Organizational Psychology
101117,Industrial and Product Design
100372,Industrial Engineering
100177,Informatics
101469,Information Resources Management
100176,Information Technology
100201,Information Technology Project Management
101120,Interior Design
101465,International Business
101466,International Business/Trade/Commerce
101447,International Finance
100574,International Law and Legal Studies
101478,International Marketing
100999,International Relations and Affairs
100773,International/Global Studies
100462,Japanese Language and Literature
100119,Japanese Studies
101158,Jazz/Jazz Studies
100847,Jewish/Judaic Studies
100143,Journalism
100281,Junior High/Intermediate/Middle School Education and Teaching
100946,Juvenile Corrections
101156,Keyboard Instruments
100516,Khmer/Cambodian Language and Literature
100286,Kindergarten/Preschool Education and Teaching
100794,Kinesiology and Exercise Science
101326,Kinesiotherapy/Kinesiotherapist
101470,Knowledge Management
100463,Korean Language and Literature
100120,Korean Studies
101461,Labor and Industrial Relations
100066,Land Use Planning and Management/Development
100085,Landscape Architecture
100564,Law
100951,Law Enforcement Record-Keeping and Evidence Management
100580,Legal Assistant/Paralegal
100562,"Legal Studies, General"
100597,Liberal Arts and Sciences/Liberal Studies
100602,Library and Information Science
100600,Library Science
100455,Linguistics
100589,Literature
101411,"Logistics, Materials, and Supply Chain Management"
100211,Make-Up Artist/Specialist
101468,"Management Information Systems, General"
101471,Management Sciences and Quantitative Methods
100677,Marine Biology and Biological Oceanography
101475,Marketing
101476,"Marketing/Marketing Management, General"
100142,Mass Communication/Media Studies
100693,Mathematics
100761,Mathematics and Computer Science
100360,Mechanical Engineering
100420,Mechanical Engineering Related Technologies/Technicians
101036,"Mechanics and Repairers, General"
101274,Medicine
101149,Metal and Jewelry Arts
100631,"Microbiology, General"
100715,Military Operational Art and Science/Studies
100194,"Modeling, Virtual Environments and Simulation"
100613,Molecular Biology
101150,Music
101000,National Security Policy Studies
100063,Natural Resources Management and Policy
100060,"Natural Resources/Conservation, General"
100771,Natural Sciences
100363,Naval Architecture and Marine Engineering
100711,Navy/Marine Corps JROTC/ROTC
100197,Network and System Administration/Administrator
100691,Neurobiology and Behavior
100688,Neuroscience
101414,Non-Profit/Public/Organizational Management
100364,Nuclear Engineering
100772,Nutrition Sciences
101321,Occupational Therapy/Therapist
100891,"Oceanography, Chemical and Physical"
101413,Operations Management and Supervision
100374,Operations Research
101287,Optometry
100877,Organic Chemistry
101462,Organizational Behavior Studies
100150,"Organizational Communication, General"
101421,Organizational Leadership
101297,Pharmaceutics and Drug Design
101295,Pharmacy
100838,Philosophy
100162,Photographic and Film/Video Technology/Technician and Assistant
101136,Photography
100865,Physical Sciences
101323,Physical Therapy/Therapist
100892,Physics
101030,Plumbing and Related Water Supply Services
101001,Political Science and Government
101402,"Practical Nursing, Vocational Nursing and Nursing Assistants"
101419,Project Management
100912,Psychology
100921,Psychometrics and Quantitative Psychology
100974,Public Administration
101307,Public Health
100151,Public Relations/Image Management
100415,Quality Control and Safety Technologies/Technicians
100417,Quality Control Technology/Technician
100147,Radio and Television
101479,Real Estate
101380,Registered Nursing/Registered Nurse
100842,Religion/Religious Studies
100982,Research Methodology and Quantitative Methods
100097,"Russian, Central European, East European and Eurasian Studies"
100282,Secondary Education and Teaching
100979,Social Work
101005,Sociology
100122,Spanish and Iberian Studies
100258,Special Education and Teaching
101487,"Specialized Sales, Merchandising and  Marketing Operations"
100141,Speech Communication and Rhetoric
101176,Speech-Language Pathology/Pathologist
100793,Sport and Fitness Administration/Management
100198,"System, Networking, and LAN/WAN Management/Manager"
101480,Taxation
100353,Telecommunications Engineering
100830,Theatre/Theater
100854,Theology/Theological Studies
100900,Theoretical and Mathematical Physics
101452,Tourism and Travel Services Management
100124,Ukraine Studies
100475,Ukrainian Language and Literature
101076,Upholstery/Upholsterer
100112,Ural-Altaic and Central Asian Studies
100522,"Uralic Languages, Literatures, and Linguistics"
100247,Urban Education and Leadership
100073,Urban Forestry
100862,Urban Ministry
101006,Urban Studies/Affairs
100490,Urdu Language and Literature
101330,Veterinary Medicine
101335,Veterinary Microbiology and Immunobiology
101336,Veterinary Pathology and Pathobiology
101341,"Veterinary Preventive Medicine, Epidemiology, and Public Health"
101332,"Veterinary Sciences/Veterinary Clinical Sciences, General"
101221,Veterinary/Animal Health Technology/Technician and Veterinary Assistant
100633,Virology
100658,Vision Science/Physiological Optics
101109,Visual and Performing Arts
100019,Viticulture and Enology
101325,Vocational Rehabilitation Counseling/Counselor
101157,Voice and Opera
101054,Watchmaking and Jewelrymaking
100404,Water Quality and Wastewater Treatment Management and Recycling Technology/Technician
100346,Water Resources Engineering
100065,"Water, Wetlands, and Marine Resources Management"
100191,"Web Page, Digital/Multimedia and Information Resources Design"
100200,Web/Multimedia Management and Webmaster
101083,Welding Technology/Welder
100642,Wildlife Biology
100078,"Wildlife, Fish and Wildlands Science and Management"
100133,Women’s Studies
100074,Wood Science and Wood Products/Pulp and Paper Technology
101163,Woodwind Instruments
100585,"Writing, General"
101372,Yoga Teacher Training/Yoga Therapy
100861,Youth Ministry
100980,Youth Services/Administration
101547,Zoological Medicine Residency Program
100638,Zoology/Animal Biology
