na.us.*.70,Greater New York City Area
na.us.*.49,Greater Los Angeles Area
na.us.*.14,Greater Chicago Area
na.us.*.42,"Houston, Texas Area"
na.us.*.620,"Phoenix, Arizona Area"
na.us.*.77,Greater Philadelphia Area
na.us.*.724,"San Antonio, Texas Area"
na.us.*.732,Greater San Diego Area
na.us.*.31,Dallas/Fort Worth Area
na.us.*.64,"Austin, Texas Area"
na.us.*.359,"Jacksonville, Florida Area"
na.us.*.84,San Francisco Bay Area
na.us.*.184,"Columbus, Ohio Area"
na.us.*.348,"Indianapolis, Indiana Area"
na.us.*.152,"Charlotte, North Carolina Area"
na.us.*.91,Greater Seattle Area
na.us.*.34,Greater Denver Area
na.us.*.232,"El Paso, Texas Area"
na.us.*.97,Washington D.C. Metro Area
na.us.*.7,Greater Boston Area
