"2801,1136",Cloud Computing and Distributed Systems
"43781,2682",Statistical Data Analysis and Data Mining
128,Marketing Management
"512,924",SEO/SEM Marketing
"2251,19197",Middleware and Integration Software
50304,Mobile Application Development
"745,6701",Network and Information Security
"41542,4323",Storage Systems and Management
"6506,19624",Web Architecture and Frameworks
1481,User Interface Design
"50513,783",Data Engineering and Data Warehousing
6001,Algorithm Design
"836,1346,2578",Perl/Python/Ruby
2132,Shell Scripting Languages
"1677,301,684","Mac, Linux and Unix Systems"
2332,Multi-channel Marketing
1106,Virtualization
798,Business Intelligence
147,Java
"4104,1066",Electronic and Electrical Engineering
14012,Database Management System
"12229,20699",Software Modeling and Process Design
"1247,2813",Software QA and Usability Testing
635,Economics
"1745,1943",Corporate Law and Governance
