acct,Accounting
admn,Administrative
cre,Arts and Design
bd,Business Development
css,Community & Social Services
cnsl,Consulting
edu,Education
eng,Engineering
ent,Entrepreneurship
finc,Finance
med,Healthcare Services
hr,Human Resources
it,Information Technology
lgl,Legal
mktg,Marketing
pr,Media & Communications
mps,Military & Protective Services
ops,Operations
prod,Product Management
ppm,Program & Product Management
buy,Purchasing
qa,Quality Assurance
re,Real Estate
acad,Rersearch
sale,Sales
supp,Support
